species,sex,mean_mass_g
Adelie,female,3368.8356164383563
Adelie,male,4043.4931506849316
Chinstrap,female,3527.205882352941
Chinstrap,male,3938.970588235294
Gentoo,female,4679.741379310345
Gentoo,male,5484.836065573771
